LR/0,LR/1,LR/2,Loss/BCELoss_epoch,Loss/BCELoss_step,Loss/BoxLoss_epoch,Loss/BoxLoss_step,Loss/DFLLoss_epoch,Loss/DFLLoss_step,PyCOCO/AP @ .5,PyCOCO/AP @ .5:.95,epoch,map,map_50,map_75,map_large,map_medium,map_per_class,map_small,mar_1,mar_10,mar_100,mar_100_per_class,mar_large,mar_medium,mar_small,step
0.07000000029802322,0.0033333334140479565,0.0033333334140479565,,16.443496704101562,,0.0,,0.0,,,0,,,,,,,,,,,,,,,0
,,,,,,,,,-1.0,-1.0,0,-1.0,-1.0,-1.0,-1.0,-1.0,-1.0,-1.0,-1.0,-1.0,-1.0,-1.0,-1.0,-1.0,-1.0,0
,,,16.443496704101562,,0.0,,0.0,,,,0,,,,,,,,,,,,,,,0
0.03999999910593033,0.006666666828095913,0.006666666828095913,,9.404104232788086,,0.0,,0.0,,,1,,,,,,,,,,,,,,,1
,,,,,,,,,-1.0,-1.0,1,-1.0,-1.0,-1.0,-1.0,-1.0,-1.0,-1.0,-1.0,-1.0,-1.0,-1.0,-1.0,-1.0,-1.0,1
,,,9.404104232788086,,0.0,,0.0,,,,1,,,,,,,,,,,,,,,1
0.009999999776482582,0.009999999776482582,0.009999999776482582,,3.7108912467956543,,0.0,,0.0,,,2,,,,,,,,,,,,,,,2
