LR/0,LR/1,LR/2,Loss/BCELoss_step,Loss/BoxLoss_step,Loss/DFLLoss_step,epoch,step
0.07000000029802322,0.0033333334140479565,0.0033333334140479565,25.44519805908203,0.0,0.0,0,0
