LR/0,LR/1,LR/2,Loss/BCELoss_step,Loss/BoxLoss_step,Loss/DFLLoss_step,epoch,step
0.09995097666978836,5.446623163152253e-06,5.446623163152253e-06,20.524028778076172,0.0,0.0,0,0
0.0999019593000412,1.0893246326304507e-05,1.0893246326304507e-05,34.94133758544922,0.0,0.0,0,1
0.09985294193029404,1.633986903470941e-05,1.633986903470941e-05,24.713762283325195,0.0,0.0,0,2
0.09980392456054688,2.1786492652609013e-05,2.1786492652609013e-05,20.66912078857422,0.0,0.0,0,3
0.09975489974021912,2.7233116270508617e-05,2.7233116270508617e-05,21.34388542175293,0.0,0.0,0,4
0.09970588237047195,3.267973806941882e-05,3.267973806941882e-05,21.541982650756836,0.0,0.0,0,5
