LR/0,LR/1,LR/2,Loss/BCELoss_epoch,Loss/BCELoss_step,Loss/BoxLoss_epoch,Loss/BoxLoss_step,Loss/DFLLoss_epoch,Loss/DFLLoss_step,PyCOCO/AP @ .5,PyCOCO/AP @ .5:.95,epoch,map,map_50,map_75,map_large,map_medium,map_per_class,map_small,mar_1,mar_10,mar_100,mar_100_per_class,mar_large,mar_medium,mar_small,step
0.07000000029802322,0.0033333334140479565,0.0033333334140479565,,6.192571640014648,,2.516105890274048,,2.078984498977661,,,0,,,,,,,,,,,,,,,0
,,,,,,,,,0.009256565943360329,0.0030049195047467947,0,0.0030049195047467947,0.009256565943360329,0.0,0.0074457162991166115,0.0,-1.0,0.0,0.001612903201021254,0.0034946235828101635,0.004838709719479084,-1.0,0.012000000104308128,0.0,0.0,0
,,,6.19257116317749,,2.516105890274048,,2.078984498977661,,,,0,,,,,,,,,,,,,,,0
0.03999999910593033,0.006666666828095913,0.006666666828095913,,6.067272186279297,,2.536656379699707,,2.1203603744506836,,,1,,,,,,,,,,,,,,,1
,,,,,,,,,0.001585304387845099,0.0002575403486844152,1,0.0002575403486844152,0.001585304387845099,0.0,0.0007317303097806871,0.0,-1.0,0.0,0.0,0.0010752688394859433,0.001612903201021254,-1.0,0.004000000189989805,0.0,0.0,1
,,,6.067272186279297,,2.536656618118286,,2.1203603744506836,,,,1,,,,,,,,,,,,,,,1
